{"cameraMode":{"drawMode":0,"name":"Shaded","section":"Shading Mode"},"sceneLighting":true,"audioPlay":false,"sceneViewState":{"showFog":true,"showMaterialUpdate":false,"showSkybox":true,"showFlares":true,"showImageEffects":true,"showParticleSystems":true,"showVisualEffectGraphs":true,"m_FxEnabled":true},"in2DMode":false,"pivot":{"x":-2.3842251300811769,"y":10.328158378601075,"z":5.207237243652344},"rotation":{"x":0.0019701572600752117,"y":-0.9725713729858398,"z":0.23275138437747956,"w":0.008197778835892678},"size":7.290589332580566,"orthographic":false}